{
    "metadata":{
        "version":3,
        "vertices":16,
        "uvs":0,
        "generator":"io_three",
        "faces":14,
        "normals":14,
        "type":"Geometry",
        "materials":1
    },
    "faces":[35,0,1,2,3,0,0,0,0,0,35,7,6,10,11,0,1,1,1,1,35,0,4,5,1,0,2,2,2,2,35,1,5,6,2,0,3,3,3,3,35,2,6,7,3,0,4,4,4,4,35,4,0,3,7,0,5,5,5,5,35,10,9,13,14,0,6,6,6,6,35,4,7,11,8,0,7,7,7,7,35,6,5,9,10,0,8,8,8,8,35,5,4,8,9,0,9,9,9,9,35,9,8,12,13,0,10,10,10,10,35,11,10,14,15,0,11,11,11,11,35,8,11,15,12,0,12,12,12,12,35,12,15,14,13,0,13,13,13,13],
    "vertices":[1,0.465098,-1.19598,1,0.465098,1.29696,-1,0.465098,1.29696,-1,0.465098,-1.19598,1,0.997452,-1.19598,0.999999,0.997452,0.804022,-1,0.997452,0.804021,-1,0.997452,-1.19598,0.326646,1.1281,-0.81337,0.326646,1.1281,-0.160078,-0.326646,1.1281,-0.160079,-0.326646,1.1281,-0.813371,0.326646,3.34353,-0.813371,0.326646,3.34353,-0.160078,-0.326646,3.34353,-0.160079,-0.326646,3.34353,-0.813371],
    "normals":[-0,0,1,-0.190479,-0,-0.981691,1,0,-0,-0,0.733749,-0.67942,-1,-0,1e-06,0,-1,-1e-06,-1e-06,1,-0,0,-0.323156,-0.946346,-0,0.13429,-0.990942,0.190479,0,-0.981691,1,1e-06,-0,-1,-0,0,0,-1,0,0,0,-1],
    "uvs":[],
    "name":"CubeGeometry",
    "materials":[{
        "colorSpecular":[0.5,0.5,0.5],
        "colorEmissive":[0,0,0],
        "colorDiffuse":[0.8,0.8,0.8],
        "visible":true,
        "blending":"NormalBlending",
        "depthWrite":true,
        "DbgColor":15658734,
        "depthTest":true,
        "shading":"phong",
        "specularCoef":50,
        "DbgName":"Material",
        "DbgIndex":0,
        "opacity":1,
        "transparent":false,
        "wireframe":false
    }]
}