{
    "metadata":{
        "version":3,
        "vertices":72,
        "uvs":0,
        "generator":"io_three",
        "faces":66,
        "normals":66,
        "type":"Geometry",
        "materials":1
    },
    "faces":[35,9,1,3,10,0,0,0,0,0,35,10,3,7,12,0,1,1,1,1,35,12,7,5,14,0,2,2,2,2,35,14,5,1,9,0,3,3,3,3,35,4,0,2,6,0,4,4,4,4,35,7,3,17,19,0,5,5,5,5,35,8,0,4,15,0,6,6,6,6,35,15,14,9,8,0,7,7,7,7,35,6,13,15,4,0,8,8,8,8,35,13,12,14,15,0,9,9,9,9,35,2,11,13,6,0,10,10,10,10,35,11,10,12,13,0,11,11,11,11,35,0,8,11,2,0,12,12,12,12,35,8,9,10,11,0,13,13,13,13,35,16,18,22,20,0,14,14,14,14,35,5,7,19,18,0,15,15,15,15,35,3,1,16,17,0,16,16,16,16,35,1,5,18,16,0,17,17,17,17,35,23,21,20,22,0,18,18,18,18,35,19,17,21,23,0,19,19,19,19,35,18,19,23,22,0,20,20,20,20,35,17,16,20,21,0,21,21,21,21,35,33,25,27,34,0,22,22,22,22,35,34,27,31,36,0,23,23,23,23,35,36,31,29,38,0,24,24,24,24,35,38,29,25,33,0,25,25,25,25,35,26,30,28,24,0,26,26,26,26,35,31,27,41,43,0,27,27,27,27,35,28,39,32,24,0,28,28,28,28,35,39,38,33,32,0,29,29,29,29,35,30,37,39,28,0,30,30,30,30,35,37,36,38,39,0,31,31,31,31,35,26,35,37,30,0,32,32,32,32,35,35,34,36,37,0,33,33,33,33,35,24,32,35,26,0,34,34,34,34,35,32,33,34,35,0,35,35,35,35,35,40,42,46,44,0,36,36,36,36,35,29,31,43,42,0,37,37,37,37,35,27,25,40,41,0,38,38,38,38,35,25,29,42,40,0,39,39,39,39,35,47,45,44,46,0,40,40,40,40,35,43,41,45,47,0,41,41,41,41,35,42,43,47,46,0,42,42,42,42,35,41,40,44,45,0,43,43,43,43,35,57,49,51,58,0,44,44,44,44,35,58,51,55,60,0,45,45,45,45,35,60,55,53,62,0,46,46,46,46,35,62,53,49,57,0,47,47,47,47,35,50,54,52,48,0,48,48,48,48,35,55,51,65,67,0,49,49,49,49,35,52,63,56,48,0,50,50,50,50,35,63,62,57,56,0,51,51,51,51,35,54,61,63,52,0,52,52,52,52,35,61,60,62,63,0,53,53,53,53,35,50,59,61,54,0,54,54,54,54,35,59,58,60,61,0,55,55,55,55,35,48,56,59,50,0,56,56,56,56,35,56,57,58,59,0,57,57,57,57,35,64,66,70,68,0,58,58,58,58,35,53,55,67,66,0,59,59,59,59,35,51,49,64,65,0,60,60,60,60,35,49,53,66,64,0,61,61,61,61,35,71,69,68,70,0,62,62,62,62,35,67,65,69,71,0,63,63,63,63,35,66,67,71,70,0,64,64,64,64,35,65,64,68,69,0,65,65,65,65],
    "vertices":[-0.061546,4.1265,0.440931,0.219084,5.26343,0.440931,-0.061546,4.1265,0.388475,0.219084,5.26343,0.388475,0.172155,3.95593,0.440931,1.15041,4.58372,0.440931,0.172155,3.95593,0.388475,1.15041,4.58372,0.388475,-0.108412,4.64618,0.440931,0.015221,5.04144,0.440931,0.015221,5.04144,0.388475,-0.108412,4.64618,0.388475,0.936291,4.36922,0.388475,0.495772,4.20523,0.388475,0.936291,4.36922,0.440931,0.495772,4.20523,0.440931,0.541006,5.35426,0.440931,0.541006,5.35426,0.388475,1.17268,4.89325,0.440931,1.17268,4.89325,0.388475,0.859759,5.30975,0.440931,0.859759,5.30975,0.388475,1.03309,5.18325,0.440931,1.03309,5.18325,0.388475,0.169698,3.93605,0.440932,1.1481,3.29253,0.440931,0.169698,3.93605,0.388476,1.1481,3.29253,0.388475,-0.069002,3.77255,0.440932,0.196852,2.641,0.440931,-0.069002,3.77255,0.388476,0.196852,2.641,0.388475,0.675294,3.80703,0.440932,1.00675,3.55873,0.440931,1.00675,3.55873,0.388475,0.675294,3.80703,0.388475,0.065974,2.91436,0.388475,0.058187,3.38435,0.388475,0.065974,2.91436,0.440932,0.058187,3.38435,0.440932,1.12644,2.95874,0.440931,1.12644,2.95874,0.388475,0.481258,2.51684,0.440931,0.481258,2.51684,0.388475,0.978237,2.67305,0.440931,0.978237,2.67305,0.388475,0.801199,2.55179,0.440931,0.801199,2.55179,0.388475,-0.107462,3.80946,0.440932,-1.22299,3.45313,0.440931,-0.107462,3.80946,0.388475,-1.22299,3.45313,0.388475,-0.084545,4.09787,0.440932,-1.13166,4.60249,0.440932,-0.084545,4.09787,0.388475,-1.13166,4.60249,0.388475,-0.525649,3.49738,0.440931,-0.927116,3.39571,0.440931,-0.927116,3.39571,0.388475,-0.525649,3.49738,0.388475,-0.836792,4.53242,0.388475,-0.4664,4.24301,0.388475,-0.836792,4.53242,0.440932,-0.4664,4.24301,0.440932,-1.46896,3.67982,0.440931,-1.46896,3.67982,0.388475,-1.40701,4.45937,0.440931,-1.40701,4.45937,0.388475,-1.59796,3.97468,0.440931,-1.59796,3.97468,0.388475,-1.58096,4.18858,0.440931,-1.58096,4.18858,0.388475],
    "normals":[-0.736543,0,-0.676391,0,-1,0,0.707743,0,0.70647,-0,1,-0,-0.58952,0,0.807754,0,-1,0,-0,1,-0,0,1,-0,0.610271,0,0.792193,0.348862,0,0.937174,0,-1,0,-0,-1,0,-0.995958,0,0.089815,-0.9544,0,-0.298531,0,1,-0,0.997422,0,0.071753,-0.271536,0,-0.962428,-0,1,-0,0.589521,0,-0.807753,-0,-1,0,0.901051,0,-0.433714,0.138299,0,-0.990391,0.8832,0,-0.468997,-0,-1,-0,-0.90196,0,0.431819,0,1,0,-0.565089,0,-0.82503,-0,-1,-0,0,1,0,0,1,0,-0.950295,0,0.311351,-0.999863,0,0.016566,-0,-1,-0,-0,-1,-0,0.247261,0,-0.968949,0.599553,0,-0.800335,0,1,0,-0.40008,0,0.91648,0.997901,0,0.064754,0,1,0,0.565089,0,0.82503,-0,-1,-0,0.108605,0,0.994085,0.887671,0,0.460478,-0.190509,0,0.981686,0,-1,-0,0.231213,0,-0.972903,-0,1,0,0.996858,0,0.07921,0,-1,-0,-0,1,0,-0,1,0,0.355287,0,-0.934757,0.615697,0,-0.787983,0,-1,-0,0,-1,-0,0.598084,0,0.801434,0.245484,0,0.969401,0,1,0,-0.461207,0,-0.887293,-0.677703,0,0.735336,-0,1,0,-0.996858,0,-0.079211,0,-1,-0,-0.841353,0,-0.540486,-0.916151,-1e-06,0.400834],
    "uvs":[],
    "name":"Cube.001Geometry.1",
    "materials":[{
        "colorEmissive":[0,0,0],
        "colorDiffuse":[0.067103,0.35105,0.64],
        "visible":true,
        "blending":"NormalBlending",
        "depthWrite":true,
        "DbgColor":15658734,
        "depthTest":true,
        "shading":"lambert",
        "DbgName":"Material.001",
        "DbgIndex":0,
        "opacity":1,
        "transparent":false,
        "wireframe":false
    }]
}