{
    "materials":[{
        "depthTest":true,
        "DbgColor":15658734,
        "DbgName":"white",
        "wireframe":false,
        "colorDiffuse":[0.314491,0.203764,0.122372],
        "shading":"lambert",
        "transparent":false,
        "blending":"NormalBlending",
        "colorEmissive":[0,0,0],
        "depthWrite":true,
        "visible":true,
        "DbgIndex":0,
        "opacity":1
    }],
    "vertices":[4.5769,1.87095,2.06599,4.72693,1.19354,2.141,4.0604,1.87095,2.06599,4.0604,1.19354,2.141,4.5769,1.87095,1.54949,4.72693,1.19354,1.54949,4.0604,1.87095,1.54949,4.0604,1.19354,1.54949,4.78702,1.6593,2.2161,4.0604,1.6593,2.2161,4.78702,1.6593,1.54949,4.056,1.52198,2.21581,4.78674,1.52198,1.54509,4.78674,1.52198,2.21581,4.5103,-2.11254,1.99938,4.12701,-2.11254,1.99938,4.5103,-2.11254,1.6161,4.12701,-2.11254,1.6161,-4.5769,1.87095,2.06599,-4.72693,1.19354,2.141,0,1.87095,2.06599,0,1.19354,2.141,-4.0604,1.87095,2.06599,-4.0604,1.19354,2.141,-4.5769,1.87095,1.54949,-4.72693,1.19354,1.54949,0,1.87095,1.54949,-4.0604,1.87095,1.54949,-4.0604,1.19354,1.54949,-4.78702,1.6593,2.2161,-4.0604,1.6593,2.2161,0,1.6593,2.2161,-4.78702,1.6593,1.54949,-4.056,1.52198,2.21581,0,1.52198,2.21581,-4.78674,1.52198,1.54509,-4.78674,1.52198,2.21581,-4.5103,-2.11254,1.99938,-4.12701,-2.11254,1.99938,-4.5103,-2.11254,1.6161,-4.12701,-2.11254,1.6161,0,1.19354,1.54949,4.5769,1.87095,-2.06599,4.72693,1.19354,-2.141,4.5769,1.87095,-0,4.0604,1.87095,-2.06599,4.0604,1.19354,-2.141,4.0604,1.87095,-0,4.5769,1.87095,-1.54949,4.72693,1.19354,-1.54949,4.0604,1.87095,-1.54949,4.72693,1.19354,-0,4.0604,1.19354,-1.54949,4.0604,1.19354,-0,4.78702,1.6593,-2.2161,4.0604,1.6593,-2.2161,4.78702,1.6593,-1.54949,4.78702,1.6593,-0,4.056,1.52198,-2.21581,4.78674,1.52198,-1.54509,4.78674,1.52198,-0,4.78674,1.52198,-2.21581,4.5103,-2.11254,-1.99938,4.12701,-2.11254,-1.99938,4.5103,-2.11254,-1.6161,4.12701,-2.11254,-1.6161,-4.5769,1.87095,-2.06599,-4.72693,1.19354,-2.141,0,1.87095,-2.06599,-4.5769,1.87095,-0,0,1.19354,-2.141,0,1.87095,-0,-4.0604,1.87095,-2.06599,-4.0604,1.19354,-2.141,-4.0604,1.87095,-0,-4.5769,1.87095,-1.54949,-4.72693,1.19354,-1.54949,0,1.87095,-1.54949,-4.0604,1.87095,-1.54949,-4.72693,1.19354,-0,-4.0604,1.19354,-1.54949,-4.0604,1.19354,-0,-4.78702,1.6593,-2.2161,-4.0604,1.6593,-2.2161,0,1.6593,-2.2161,-4.78702,1.6593,-1.54949,-4.78702,1.6593,-0,-4.056,1.52198,-2.21581,0,1.52198,-2.21581,-4.78674,1.52198,-1.54509,-4.78674,1.52198,-0,-4.78674,1.52198,-2.21581,-4.5103,-2.11254,-1.99938,-4.12701,-2.11254,-1.99938,-4.5103,-2.11254,-1.6161,-4.12701,-2.11254,-1.6161,0,1.19354,-1.54949,0,1.19354,-0],
    "normals":[0.709669,0,-0.704536,0.99786,-0,0.065386,0,0,-1,0,-0,-1,-0,0.815681,-0.578502,-0,0.999084,0.042797,0,-0,-1,0,-0,-1,-0,0.975028,0.22208,0.70967,0,-0.704535,0,0,1,0,-0.999797,0.020142,0.999998,0,0.002087,-0,0.815681,-0.578502,-0,0.999998,0.00209,0.999998,0,0.002089,0.983823,0,0.179144,0,0.975028,0.22208,0.983823,0,0.179143,-0,0.999998,0.002089,-0.999797,0,0.020142,-0,0,1,-0.709669,0,-0.704536,-0.99786,-0,0.065386,0,0.815681,-0.578502,0,0.999084,0.042797,-0,-0,-1,-0,-0,-1,0,0.975028,0.22208,-0.70967,0,-0.704535,-0,-0.999797,0.020142,-0.999998,0,0.002087,0,0.815681,-0.578502,0,0.999998,0.00209,-0.999998,0,0.002089,-0.983823,0,0.179144,-0.983823,0,0.179143,0,0.999998,0.002089,0.999797,0,0.020142,0,0,1,0.709669,-0,-0.704535,0.99786,0,0.065386,-0,0,-1,-0,-0.815681,-0.578502,-0,-0.999084,0.042797,-0,-0.975028,0.22208,0.70967,-0,-0.704535,0,0.999797,0.020142,-0,-0.815681,-0.578502,-0,-0.999998,0.00209,0.999998,-0,0.002089,0.983823,-0,0.179144,0,-0.975028,0.22208,0.983823,-0,0.179143,-0,-0.999998,0.002089,-0.999797,-0,0.020142,0,-0,1,-0.709669,-0,-0.704535,-0.99786,0,0.065386,0,-0.815681,-0.578502,0,-0.999084,0.042797,0,-0.975028,0.22208,-0.70967,-0,-0.704535,-0,0.999797,0.020142,0,-0.815681,-0.578502,0,-0.999998,0.00209,-0.999998,-0,0.002089,-0.983823,-0,0.179144,-0.983823,-0,0.179143,0,-0.999998,0.002089,0.999797,-0,0.020142],
    "name":"CubeGeometry",
    "faces":[35,0,8,10,4,0,0,0,0,0,35,16,5,1,14,0,1,1,1,1,35,6,26,20,2,0,2,2,2,2,35,2,0,4,6,0,3,3,3,3,35,8,0,2,9,0,4,4,4,4,35,14,1,3,15,0,5,5,5,5,35,44,47,6,4,0,6,6,6,6,35,47,71,26,6,0,7,7,7,7,35,34,21,3,11,0,8,8,8,8,35,57,44,4,10,0,9,9,9,9,35,51,5,7,53,0,10,10,10,10,35,17,7,5,16,0,11,11,11,11,35,60,57,10,12,0,12,12,12,12,35,20,31,9,2,0,13,13,13,13,35,13,8,9,11,0,14,14,14,14,35,12,10,8,13,0,15,15,15,15,35,5,12,13,1,0,16,16,16,16,35,1,13,11,3,0,17,17,17,17,35,51,60,12,5,0,18,18,18,18,35,31,34,11,9,0,19,19,19,19,35,3,7,17,15,0,20,20,20,20,35,15,17,16,14,0,21,21,21,21,35,21,41,7,3,0,21,21,21,21,35,53,7,41,97,0,10,10,10,10,35,32,29,18,24,0,22,22,22,22,35,39,37,19,25,0,23,23,23,23,35,27,22,20,26,0,2,2,2,2,35,24,18,22,27,0,2,2,2,2,35,29,30,22,18,0,24,24,24,24,35,37,38,23,19,0,25,25,25,25,35,69,24,27,74,0,26,26,26,26,35,74,27,26,71,0,27,27,27,27,35,34,33,23,21,0,28,28,28,28,35,86,32,24,69,0,29,29,29,29,35,79,81,28,25,0,10,10,10,10,35,40,39,25,28,0,30,30,30,30,35,90,35,32,86,0,31,31,31,31,35,20,22,30,31,0,32,32,32,32,35,36,33,30,29,0,33,33,33,33,35,35,36,29,32,0,34,34,34,34,35,25,19,36,35,0,35,35,35,35,35,19,23,33,36,0,17,17,17,17,35,79,25,35,90,0,36,36,36,36,35,31,30,33,34,0,37,37,37,37,35,23,38,40,28,0,38,38,38,38,35,38,37,39,40,0,39,39,39,39,35,21,23,28,41,0,39,39,39,39,35,81,97,41,28,0,10,10,10,10,35,56,54,42,48,0,40,40,40,40,35,64,62,43,49,0,41,41,41,41,35,50,45,68,77,0,42,42,42,42,35,48,42,45,50,0,42,42,42,42,35,54,55,45,42,0,43,43,43,43,35,62,63,46,43,0,44,44,44,44,35,44,48,50,47,0,26,26,26,26,35,47,50,77,71,0,27,27,27,27,35,88,58,46,70,0,45,45,45,45,35,57,56,48,44,0,46,46,46,46,35,51,53,52,49,0,10,10,10,10,35,65,64,49,52,0,47,47,47,47,35,60,59,56,57,0,12,12,12,12,35,68,45,55,84,0,48,48,48,48,35,61,58,55,54,0,49,49,49,49,35,59,61,54,56,0,50,50,50,50,35,49,43,61,59,0,51,51,51,51,35,43,46,58,61,0,52,52,52,52,35,51,49,59,60,0,53,53,53,53,35,84,55,58,88,0,54,54,54,54,35,46,63,65,52,0,55,55,55,55,35,63,62,64,65,0,56,56,56,56,35,70,46,52,96,0,56,56,56,56,35,53,97,96,52,0,10,10,10,10,35,85,75,66,82,0,57,57,57,57,35,94,76,67,92,0,58,58,58,58,35,78,77,68,72,0,3,3,3,3,35,75,78,72,66,0,3,3,3,3,35,82,66,72,83,0,59,59,59,59,35,92,67,73,93,0,60,60,60,60,35,69,74,78,75,0,6,6,6,6,35,74,71,77,78,0,7,7,7,7,35,88,70,73,87,0,61,61,61,61,35,86,69,75,85,0,62,62,62,62,35,79,76,80,81,0,10,10,10,10,35,95,80,76,94,0,63,63,63,63,35,90,86,85,89,0,31,31,31,31,35,68,84,83,72,0,64,64,64,64,35,91,82,83,87,0,65,65,65,65,35,89,85,82,91,0,66,66,66,66,35,76,89,91,67,0,67,67,67,67,35,67,91,87,73,0,52,52,52,52,35,79,90,89,76,0,68,68,68,68,35,84,88,87,83,0,69,69,69,69,35,73,80,95,93,0,70,70,70,70,35,93,95,94,92,0,39,39,39,39,35,70,96,80,73,0,39,39,39,39,35,81,80,96,97,0,10,10,10,10],
    "uvs":[],
    "metadata":{
        "vertices":98,
        "normals":71,
        "faces":96,
        "type":"Geometry",
        "version":3,
        "materials":1,
        "generator":"io_three",
        "uvs":0
    }
}