{
    "name":"Cylinder.001Geometry",
    "normals":[0,0,-1,0,0,-0.999969],
    "materials":[{
        "depthTest":true,
        "DbgName":"tea",
        "wireframe":false,
        "visible":true,
        "blending":"NormalBlending",
        "colorDiffuse":[0.057576,0.064009,0.024421],
        "transparent":false,
        "depthWrite":true,
        "shading":"lambert",
        "DbgIndex":3,
        "opacity":1,
        "colorEmissive":[0,0,0],
        "DbgColor":238
    }],
    "faces":[34,4,11,6,0,0,0,0,34,6,1,0,0,0,0,1,34,0,9,8,0,1,1,0,34,8,7,3,0,0,0,0,34,3,2,10,0,0,0,0,34,10,5,4,0,0,0,0,34,4,6,0,0,0,0,1,34,0,8,3,0,1,0,0,34,3,10,4,0,0,0,0,34,0,3,4,0,1,0,0,34,16,23,18,0,0,0,0,34,18,13,12,0,0,1,0,34,12,21,20,0,0,0,0,34,20,19,15,0,0,0,0,34,15,14,22,0,0,1,0,34,22,17,16,0,0,1,0,34,16,18,12,0,0,0,0,34,12,20,15,0,0,0,0,34,15,22,16,0,0,0,0,34,12,15,16,0,0,0,0],
    "uvs":[],
    "vertices":[1.10356,0.26213,2.05212,0.886405,0.26213,2.16843,0.669479,0.26213,1.24167,0.9157,0.26213,1.24952,0.314563,0.26213,1.81351,0.322413,0.26213,1.56729,0.640185,0.26213,2.16058,1.12501,0.26213,1.37943,1.24132,0.26213,1.59659,1.23347,0.26213,1.84281,0.452321,0.26213,1.35798,0.430876,0.26213,2.03067,-0.370806,0.172613,1.80278,-0.587964,0.172613,1.9191,-0.804891,0.172613,0.992339,-0.55867,0.172613,1.00019,-1.15981,0.172613,1.56418,-1.15196,0.172613,1.31796,-0.834185,0.172613,1.91125,-0.349361,0.172613,1.1301,-0.233048,0.172613,1.34725,-0.240898,0.172613,1.59347,-1.02205,0.172613,1.10865,-1.04349,0.172613,1.78134],
    "metadata":{
        "normals":2,
        "generator":"io_three",
        "type":"Geometry",
        "uvs":0,
        "materials":1,
        "version":3,
        "faces":20,
        "vertices":24
    }
}