{
    "faces":[35,0,1,2,3,0,0,1,2,3,35,4,7,15,12,0,4,5,6,7,35,8,4,5,9,0,8,4,9,10,35,9,5,6,10,0,10,9,11,12,35,10,6,7,11,0,12,11,5,13,35,8,0,3,11,0,8,0,3,13,35,4,8,11,7,0,4,8,13,5,35,2,10,11,3,0,2,12,13,3,35,1,9,10,2,0,1,10,12,2,35,0,8,9,1,0,0,8,10,1,35,12,15,14,13,0,7,6,14,15,35,6,5,13,14,0,11,9,15,14,35,5,4,12,13,0,9,4,7,15,35,7,6,14,15,0,5,11,14,6],
    "metadata":{
        "faces":14,
        "uvs":0,
        "normals":16,
        "generator":"io_three",
        "type":"Geometry",
        "materials":1,
        "vertices":16,
        "version":3
    },
    "uvs":[],
    "normals":[0.501328,-0.501328,0.705191,0.501328,0.501328,0.705191,-0.501328,0.501328,0.705191,-0.501328,-0.501328,0.705191,0.284371,-0.284371,-0.915555,-0.284371,-0.284371,-0.915555,0.037355,0.037355,-0.998596,-0.037355,0.037355,-0.998596,0.685568,-0.685568,-0.244819,0.284371,0.284371,-0.915555,0.685568,0.685568,-0.244819,-0.284371,0.284371,-0.915555,-0.685568,0.685568,-0.244819,-0.685568,-0.685568,-0.244819,0.037355,-0.037355,-0.998596,-0.037355,-0.037355,-0.998596],
    "vertices":[1.85231,-0.294363,-1.85231,1.85231,-0.294363,1.85231,-1.85231,-0.294363,1.85231,-1.85231,-0.294363,-1.85231,1.41068,0.447343,-1.41068,1.41068,0.447344,1.41068,-1.41068,0.447344,1.41068,-1.41068,0.447343,-1.41068,1.91529,-0.04878,-1.91528,1.91528,-0.04878,1.91529,-1.91529,-0.04878,1.91528,-1.91528,-0.04878,-1.91529,0.645995,0.37092,-0.645994,0.645994,0.37092,0.645995,-0.645995,0.37092,0.645995,-0.645995,0.37092,-0.645995],
    "name":"CubeGeometry.1",
    "materials":[{
        "shading":"lambert",
        "visible":true,
        "DbgName":"Material",
        "depthTest":true,
        "DbgIndex":0,
        "blending":"NormalBlending",
        "colorDiffuse":[0.014073,0.046886,0.186412],
        "colorEmissive":[0,0,0],
        "wireframe":false,
        "opacity":1,
        "depthWrite":true,
        "transparent":false,
        "DbgColor":15658734
    }]
}